title,uri,availability_start_time,id,categories,schemaId,images.uri
"SteelSeries Arctis Nova 1X Gaming Headset - Signature Arctis Sound - ClearCast Gen 2 Mic - Xbox Series X|S, PC, Playstation, Switch, and Mobile",https://storage.googleapis.com/csm-dataset/website-search/0.html,2023-08-26T23:00:17Z,2,headset,default_schema,https://storage.googleapis.com/csm-dataset/website-search/image_00.jpg
"SteelSeries Arctis Nova 1X: The Best Gaming Headset for Xbox, PC, and PlayStation",https://storage.googleapis.com/csm-dataset/website-search/0.html,2023-08-26T23:00:17Z,3,headset,default_schema,https://storage.googleapis.com/csm-dataset/website-search/image_00.jpg
SteelSeries Arctis Nova 1X: A Great All-Around Gaming Headset,https://storage.googleapis.com/csm-dataset/website-search/0.html,2023-08-26T23:00:17Z,4,headset,default_schema,https://storage.googleapis.com/csm-dataset/website-search/image_00.jpg
SteelSeries Arctis Nova 1X: The Best Gaming Headset,https://storage.googleapis.com/csm-dataset/website-search/0.html,2023-08-26T23:00:17Z,5,headset,default_schema,https://storage.googleapis.com/csm-dataset/website-search/image_00.jpg
SteelSeries Arctis Nova 1X: The Best Budget Gaming Headset,https://storage.googleapis.com/csm-dataset/website-search/0.html,2023-08-26T23:00:17Z,6,headset,default_schema,https://storage.googleapis.com/csm-dataset/website-search/image_00.jpg
SteelSeries Arctis Nova 1X: A Great Choice for Gamers on a Budget,https://storage.googleapis.com/csm-dataset/website-search/0.html,2023-08-26T23:00:17Z,7,headset,default_schema,https://storage.googleapis.com/csm-dataset/website-search/image_00.jpg
SteelSeries Arctis Nova 1X: The Perfect Headset for Xbox Series X|S,https://storage.googleapis.com/csm-dataset/website-search/0.html,2023-08-26T23:00:17Z,8,headset,default_schema,https://storage.googleapis.com/csm-dataset/website-search/image_00.jpg
SteelSeries Arctis Nova 1X: The Perfect Headset for PC Gaming,https://storage.googleapis.com/csm-dataset/website-search/0.html,2023-08-26T23:00:17Z,9,headset,default_schema,https://storage.googleapis.com/csm-dataset/website-search/image_00.jpg
SteelSeries Arctis Nova 1X: The Perfect Headset for PlayStation Gaming,https://storage.googleapis.com/csm-dataset/website-search/0.html,2023-08-26T23:00:17Z,10,headset,default_schema,https://storage.googleapis.com/csm-dataset/website-search/image_00.jpg
SteelSeries Arctis Nova 1X: The Perfect Headset for Nintendo Switch Gaming,https://storage.googleapis.com/csm-dataset/website-search/0.html,2023-08-26T23:00:17Z,11,headset,default_schema,https://storage.googleapis.com/csm-dataset/website-search/image_00.jpg
SteelSeries Arctis Nova 1X: The Perfect Headset for Mobile Gaming,https://storage.googleapis.com/csm-dataset/website-search/0.html,2023-08-26T23:00:17Z,12,headset,default_schema,https://storage.googleapis.com/csm-dataset/website-search/image_00.jpg
Razer BlackWidow V4 Pro Wired Mechanical Gaming Keyboard: Yellow Switches - Linear & Silent - Doubleshot ABS Keycaps - Command Dial - Programmable Macros - Chroma RGB - Magnetic Wrist Rest,https://storage.googleapis.com/csm-dataset/website-search/1.html,2023-08-26T23:00:17Z,13,keyboard,default_schema,https://storage.googleapis.com/csm-dataset/website-search/image_01.jpg
Razer BlackWidow V4 Pro: The Ultimate Wired Mechanical Gaming Keyboard with Yellow Switches,https://storage.googleapis.com/csm-dataset/website-search/1.html,2023-08-26T23:00:17Z,14,keyboard,default_schema,https://storage.googleapis.com/csm-dataset/website-search/image_01.jpg
Razer BlackWidow V4 Pro: Unleash Your Gaming Potential with Linear & Silent Yellow Switches,https://storage.googleapis.com/csm-dataset/website-search/1.html,2023-08-26T23:00:17Z,15,keyboard,default_schema,https://storage.googleapis.com/csm-dataset/website-search/image_01.jpg
Razer BlackWidow V4 Pro: Dominate the Competition with Doubleshot ABS Keycaps and Command Dial,https://storage.googleapis.com/csm-dataset/website-search/1.html,2023-08-26T23:00:17Z,16,keyboard,default_schema,https://storage.googleapis.com/csm-dataset/website-search/image_01.jpg
Razer BlackWidow V4 Pro: Experience Precision and Control with Programmable Macros and Chroma RGB,https://storage.googleapis.com/csm-dataset/website-search/1.html,2023-08-26T23:00:17Z,17,keyboard,default_schema,https://storage.googleapis.com/csm-dataset/website-search/image_01.jpg
Razer BlackWidow V4 Pro: Elevate Your Gaming Experience with a Magnetic Wrist Rest,https://storage.googleapis.com/csm-dataset/website-search/1.html,2023-08-26T23:00:17Z,18,keyboard,default_schema,https://storage.googleapis.com/csm-dataset/website-search/image_01.jpg
Razer BlackWidow V4 Pro: Unleash Your Gaming Prowess with Linear & Silent Yellow Switches,https://storage.googleapis.com/csm-dataset/website-search/1.html,2023-08-26T23:00:17Z,19,keyboard,default_schema,https://storage.googleapis.com/csm-dataset/website-search/image_01.jpg
Razer BlackWidow V4 Pro: Dominate the Competition with Doubleshot ABS Keycaps and Command Dial,https://storage.googleapis.com/csm-dataset/website-search/1.html,2023-08-26T23:00:17Z,20,keyboard,default_schema,https://storage.googleapis.com/csm-dataset/website-search/image_01.jpg
Razer BlackWidow V4 Pro: Experience Precision and Control with Programmable Macros and Chroma RGB,https://storage.googleapis.com/csm-dataset/website-search/1.html,2023-08-26T23:00:17Z,21,keyboard,default_schema,https://storage.googleapis.com/csm-dataset/website-search/image_01.jpg
Razer BlackWidow V4 Pro: Elevate Your Gaming Experience with a Magnetic Wrist Rest,https://storage.googleapis.com/csm-dataset/website-search/1.html,2023-08-26T23:00:17Z,22,keyboard,default_schema,https://storage.googleapis.com/csm-dataset/website-search/image_01.jpg
Razer BlackWidow V4 Pro: The Ultimate Wired Mechanical Gaming Keyboard for Gamers of All Levels,https://storage.googleapis.com/csm-dataset/website-search/1.html,2023-08-26T23:00:17Z,23,keyboard,default_schema,https://storage.googleapis.com/csm-dataset/website-search/image_01.jpg
Razer DeathAdder V3 Wired Gaming Mouse: 59g Ultra Lightweight - Pro 30K Optical Sensor - Gen-3 Fast Optical Switches - 8K Hz HyperPolling - 6 Programmable Buttons - Ergonomic - Speedflex Cable - Black,https://storage.googleapis.com/csm-dataset/website-search/2.html,2023-08-26T23:00:17Z,24,mouse,default_schema,https://storage.googleapis.com/csm-dataset/website-search/image_02.jpg
"Razer DeathAdder V3 Wired Gaming Mouse: 59g Featherweight Design, Pro 30K Sensor, Gen-3 Switches, 8K Polling, 6 Programmable Buttons, Ergonomic Shape, Speedflex Cable - Black",https://storage.googleapis.com/csm-dataset/website-search/2.html,2023-08-26T23:00:17Z,25,mouse,default_schema,https://storage.googleapis.com/csm-dataset/website-search/image_02.jpg
"Razer DeathAdder V3 Wired Gaming Mouse: 59g Lightweight, Pro 30K Sensor, Gen-3 Switches, 8K Polling, 6 Programmable Buttons, Ergonomic Design, Speedflex Cable - Black",https://storage.googleapis.com/csm-dataset/website-search/2.html,2023-08-26T23:00:17Z,26,mouse,default_schema,https://storage.googleapis.com/csm-dataset/website-search/image_02.jpg
"Razer DeathAdder V3 Wired Gaming Mouse: 59g Ultra-Light, Pro 30K Sensor, Gen-3 Switches, 8K Polling, 6 Programmable Buttons, Ergonomic Shape, Speedflex Cable - Black",https://storage.googleapis.com/csm-dataset/website-search/2.html,2023-08-26T23:00:17Z,27,mouse,default_schema,https://storage.googleapis.com/csm-dataset/website-search/image_02.jpg
"Razer DeathAdder V3 Wired Gaming Mouse: 59g Superlight, Pro 30K Sensor, Gen-3 Switches, 8K Polling, 6 Programmable Buttons, Ergonomic Design, Speedflex Cable - Black",https://storage.googleapis.com/csm-dataset/website-search/2.html,2023-08-26T23:00:17Z,28,mouse,default_schema,https://storage.googleapis.com/csm-dataset/website-search/image_02.jpg
"Razer DeathAdder V3 Wired Gaming Mouse: 59g Featherweight, Pro 30K Sensor, Gen-3 Switches, 8K Polling, 6 Programmable Buttons, Ergonomic Shape, Speedflex Cable - Black",https://storage.googleapis.com/csm-dataset/website-search/2.html,2023-08-26T23:00:17Z,29,mouse,default_schema,https://storage.googleapis.com/csm-dataset/website-search/image_02.jpg
"Razer DeathAdder V3 Wired Gaming Mouse: 59g Lightweight, Pro 30K Sensor, Gen-3 Switches, 8K Polling, 6 Programmable Buttons, Ergonomic Design, Speedflex Cable - Black",https://storage.googleapis.com/csm-dataset/website-search/2.html,2023-08-26T23:00:17Z,30,mouse,default_schema,https://storage.googleapis.com/csm-dataset/website-search/image_02.jpg
"Razer DeathAdder V3 Wired Gaming Mouse: 59g Ultra-Light, Pro 30K Sensor, Gen-3 Switches, 8K Polling, 6 Programmable Buttons, Ergonomic Shape, Speedflex Cable - Black",https://storage.googleapis.com/csm-dataset/website-search/2.html,2023-08-26T23:00:17Z,31,mouse,default_schema,https://storage.googleapis.com/csm-dataset/website-search/image_02.jpg
"Razer DeathAdder V3 Wired Gaming Mouse: 59g Superlight, Pro 30K Sensor, Gen-3 Switches, 8K Polling, 6 Programmable Buttons, Ergonomic Design, Speedflex Cable - Black",https://storage.googleapis.com/csm-dataset/website-search/2.html,2023-08-26T23:00:17Z,32,mouse,default_schema,https://storage.googleapis.com/csm-dataset/website-search/image_02.jpg
"Razer DeathAdder V3 Wired Gaming Mouse: 59g Featherweight, Pro 30K Sensor, Gen-3 Switches, 8K Polling, 6 Programmable Buttons, Ergonomic Shape, Speedflex Cable - Black",https://storage.googleapis.com/csm-dataset/website-search/2.html,2023-08-26T23:00:17Z,33,mouse,default_schema,https://storage.googleapis.com/csm-dataset/website-search/image_02.jpg
"Razer DeathAdder V3 Wired Gaming Mouse: 59g Lightweight, Pro 30K Sensor, Gen-3 Switches, 8K Polling, 6 Programmable Buttons, Ergonomic Design, Speedflex Cable - Black",https://storage.googleapis.com/csm-dataset/website-search/2.html,2023-08-26T23:00:17Z,34,mouse,default_schema,https://storage.googleapis.com/csm-dataset/website-search/image_02.jpg
"SAMOFU Ergonomic Office Chair with Foot Rest, High Back Desk Chair with 3D Adjustable Backrest, Mesh Computer Chair with 5D Armrest and Breathable Mesh Seat for Relaxation, 5 Years Warranty",https://storage.googleapis.com/csm-dataset/website-search/3.html,2023-08-26T23:00:17Z,35,chair,default_schema,https://storage.googleapis.com/csm-dataset/website-search/image_03.jpg
"SAMOFU Ergonomic Office Chair with Foot Rest, High Back Desk Chair with 3D Adjustable Backrest, Breathable Mesh Computer Chair with 5D Armrest and Mesh Seat for Relaxation, 5 Years Warranty",https://storage.googleapis.com/csm-dataset/website-search/3.html,2023-08-26T23:00:17Z,36,chair,default_schema,https://storage.googleapis.com/csm-dataset/website-search/image_03.jpg
"SAMOFU Ergonomic Office Chair with Footrest, High Back Desk Chair with 3D Adjustable Backrest, Breathable Mesh Computer Chair with 5D Armrest and Mesh Seat for Relaxation, 5-Year Warranty",https://storage.googleapis.com/csm-dataset/website-search/3.html,2023-08-26T23:00:17Z,37,chair,default_schema,https://storage.googleapis.com/csm-dataset/website-search/image_03.jpg
"SAMOFU Ergonomic Office Chair with Footrest and High Back, 3D Adjustable Backrest, Breathable Mesh Computer Chair with 5D Armrest and Mesh Seat for Relaxation, 5-Year Warranty",https://storage.googleapis.com/csm-dataset/website-search/3.html,2023-08-26T23:00:17Z,38,chair,default_schema,https://storage.googleapis.com/csm-dataset/website-search/image_03.jpg
"SAMOFU Ergonomic Office Chair with Footrest, High Back Desk Chair with 3D Adjustable Backrest, Breathable Mesh Computer Chair with 5D Armrest and Mesh Seat, 5-Year Warranty",https://storage.googleapis.com/csm-dataset/website-search/3.html,2023-08-26T23:00:17Z,39,chair,default_schema,https://storage.googleapis.com/csm-dataset/website-search/image_03.jpg
"SAMOFU Ergonomic Office Chair with Footrest, High Back Desk Chair with 3D Adjustable Backrest, Breathable Mesh Computer Chair with 5D Armrest, 5-Year Warranty",https://storage.googleapis.com/csm-dataset/website-search/3.html,2023-08-26T23:00:17Z,40,chair,default_schema,https://storage.googleapis.com/csm-dataset/website-search/image_03.jpg
"SAMOFU Ergonomic Office Chair with Footrest, High Back Desk Chair with 3D Adjustable Backrest, Breathable Mesh Computer Chair with Mesh Seat, 5-Year Warranty",https://storage.googleapis.com/csm-dataset/website-search/3.html,2023-08-26T23:00:17Z,41,chair,default_schema,https://storage.googleapis.com/csm-dataset/website-search/image_03.jpg
"SAMOFU Ergonomic Office Chair with Footrest, High Back Desk Chair with 3D Adjustable Backrest, Computer Chair with 5D Armrest and Breathable Mesh Seat, 5-Year Warranty",https://storage.googleapis.com/csm-dataset/website-search/3.html,2023-08-26T23:00:17Z,42,chair,default_schema,https://storage.googleapis.com/csm-dataset/website-search/image_03.jpg
"SAMOFU Ergonomic Office Chair with Footrest, High Back Desk Chair with 3D Adjustable Backrest, Computer Chair with 5D Armrest and Mesh Seat, 5-Year Warranty",https://storage.googleapis.com/csm-dataset/website-search/3.html,2023-08-26T23:00:17Z,43,chair,default_schema,https://storage.googleapis.com/csm-dataset/website-search/image_03.jpg
"SAMOFU Ergonomic Office Chair with Footrest, High Back Desk Chair with Adjustable Backrest, Breathable Mesh Computer Chair with 5D Armrest and Mesh Seat, 5-Year Warranty",https://storage.googleapis.com/csm-dataset/website-search/3.html,2023-08-26T23:00:17Z,44,chair,default_schema,https://storage.googleapis.com/csm-dataset/website-search/image_03.jpg
"SAMOFU Ergonomic Office Chair with Footrest, High Back Desk Chair with Adjustable Backrest, Computer Chair with 5D Armrest and Breathable Mesh Seat, 5-Year Warranty",https://storage.googleapis.com/csm-dataset/website-search/3.html,2023-08-26T23:00:17Z,45,chair,default_schema,https://storage.googleapis.com/csm-dataset/website-search/image_03.jpg
GTRACING Gaming Chair with Footrest Speakers Video Game Chair Bluetooth Music Heavy Duty Ergonomic Computer Office Desk Chair Red,https://storage.googleapis.com/csm-dataset/website-search/4.html,2023-08-26T23:00:17Z,46,chair,default_schema,https://storage.googleapis.com/csm-dataset/website-search/image_04.jpg
"GTRACING Gaming Chair with Footrest Speakers and Bluetooth Music, Heavy Duty Ergonomic Computer Office Desk Chair in Red",https://storage.googleapis.com/csm-dataset/website-search/4.html,2023-08-26T23:00:17Z,47,chair,default_schema,https://storage.googleapis.com/csm-dataset/website-search/image_04.jpg
"GTRACING Gaming Chair with Footrest Speakers, Bluetooth Music, and Heavy Duty Ergonomic Computer Office Desk Chair in Red",https://storage.googleapis.com/csm-dataset/website-search/4.html,2023-08-26T23:00:17Z,48,chair,default_schema,https://storage.googleapis.com/csm-dataset/website-search/image_04.jpg
"GTRACING Gaming Chair with Footrest Speakers, Bluetooth Music, Heavy Duty Ergonomic Computer Office Desk Chair (Red)",https://storage.googleapis.com/csm-dataset/website-search/4.html,2023-08-26T23:00:17Z,49,chair,default_schema,https://storage.googleapis.com/csm-dataset/website-search/image_04.jpg
"GTRACING Gaming Chair with Footrest Speakers, Bluetooth Music, and Heavy Duty Ergonomic Computer Office Desk Chair (Red)",https://storage.googleapis.com/csm-dataset/website-search/4.html,2023-08-26T23:00:17Z,50,chair,default_schema,https://storage.googleapis.com/csm-dataset/website-search/image_04.jpg
"GTRACING Red Gaming Chair with Footrest Speakers, Bluetooth Music, and Heavy Duty Ergonomic Computer Office Desk Chair",https://storage.googleapis.com/csm-dataset/website-search/4.html,2023-08-26T23:00:17Z,51,chair,default_schema,https://storage.googleapis.com/csm-dataset/website-search/image_04.jpg
"GTRACING Red Gaming Chair with Footrest Speakers, Bluetooth Music, and Heavy Duty Ergonomic Computer Office Desk Chair",https://storage.googleapis.com/csm-dataset/website-search/4.html,2023-08-26T23:00:17Z,52,chair,default_schema,https://storage.googleapis.com/csm-dataset/website-search/image_04.jpg
"GTRACING Gaming Chair with Footrest Speakers, Bluetooth Music, and Heavy Duty Ergonomic Computer Office Desk Chair in Red Color",https://storage.googleapis.com/csm-dataset/website-search/4.html,2023-08-26T23:00:17Z,53,chair,default_schema,https://storage.googleapis.com/csm-dataset/website-search/image_04.jpg
"GTRACING Gaming Chair with Footrest Speakers, Bluetooth Music, and Heavy Duty Ergonomic Computer Office Desk Chair in Red Color",https://storage.googleapis.com/csm-dataset/website-search/4.html,2023-08-26T23:00:17Z,54,chair,default_schema,https://storage.googleapis.com/csm-dataset/website-search/image_04.jpg
"GTRACING Red Gaming Chair with Footrest Speakers, Bluetooth Music, and Heavy Duty Ergonomic Computer Office Desk Chair in Red",https://storage.googleapis.com/csm-dataset/website-search/4.html,2023-08-26T23:00:17Z,55,chair,default_schema,https://storage.googleapis.com/csm-dataset/website-search/image_04.jpg
"GTRACING Red Gaming Chair with Footrest Speakers, Bluetooth Music, and Heavy Duty Ergonomic Computer Office Desk Chair in Red Color",https://storage.googleapis.com/csm-dataset/website-search/4.html,2023-08-26T23:00:17Z,56,chair,default_schema,https://storage.googleapis.com/csm-dataset/website-search/image_04.jpg
"JOYFLY Gaming Chairs with Footrest, Ergonomic High Back Gaming Chair for Adults Teens, Reclining Computer Chair with Headrest & Lumbar Support,350lbs, 4D Armrests, Red",https://storage.googleapis.com/csm-dataset/website-search/5.html,2023-08-26T23:00:17Z,57,chair,default_schema,https://storage.googleapis.com/csm-dataset/website-search/image_05.jpg
"JOYFLY Gaming Chairs with Footrest: Ergonomic High Back Gaming Chair for Adults Teens, Reclining Computer Chair with Headrest & Lumbar Support,350lbs, 4D Armrests, Red",https://storage.googleapis.com/csm-dataset/website-search/5.html,2023-08-26T23:00:17Z,58,chair,default_schema,https://storage.googleapis.com/csm-dataset/website-search/image_05.jpg
JOYFLY Gaming Chairs with Footrest: The Ultimate Gaming Experience,https://storage.googleapis.com/csm-dataset/website-search/5.html,2023-08-26T23:00:17Z,59,chair,default_schema,https://storage.googleapis.com/csm-dataset/website-search/image_05.jpg
"JOYFLY Gaming Chairs with Footrest: Sit Back, Relax, and Game",https://storage.googleapis.com/csm-dataset/website-search/5.html,2023-08-26T23:00:17Z,60,chair,default_schema,https://storage.googleapis.com/csm-dataset/website-search/image_05.jpg
JOYFLY Gaming Chairs with Footrest: The Perfect Chair for Gamers of All Ages,https://storage.googleapis.com/csm-dataset/website-search/5.html,2023-08-26T23:00:17Z,61,chair,default_schema,https://storage.googleapis.com/csm-dataset/website-search/image_05.jpg
JOYFLY Gaming Chairs with Footrest: Comfort and Style for Your Gaming Setup,https://storage.googleapis.com/csm-dataset/website-search/5.html,2023-08-26T23:00:17Z,62,chair,default_schema,https://storage.googleapis.com/csm-dataset/website-search/image_05.jpg
JOYFLY Gaming Chairs with Footrest: Elevate Your Gaming Experience,https://storage.googleapis.com/csm-dataset/website-search/5.html,2023-08-26T23:00:17Z,63,chair,default_schema,https://storage.googleapis.com/csm-dataset/website-search/image_05.jpg
JOYFLY Gaming Chairs with Footrest: The Best Way to Game,https://storage.googleapis.com/csm-dataset/website-search/5.html,2023-08-26T23:00:17Z,64,chair,default_schema,https://storage.googleapis.com/csm-dataset/website-search/image_05.jpg
JOYFLY Gaming Chairs with Footrest: The Chair of Your Dreams,https://storage.googleapis.com/csm-dataset/website-search/5.html,2023-08-26T23:00:17Z,65,chair,default_schema,https://storage.googleapis.com/csm-dataset/website-search/image_05.jpg
JOYFLY Gaming Chairs with Footrest: The Only Chair You'll Ever Need,https://storage.googleapis.com/csm-dataset/website-search/5.html,2023-08-26T23:00:17Z,66,chair,default_schema,https://storage.googleapis.com/csm-dataset/website-search/image_05.jpg
JOYFLY Gaming Chairs with Footrest: The Future of Gaming,https://storage.googleapis.com/csm-dataset/website-search/5.html,2023-08-26T23:00:17Z,67,chair,default_schema,https://storage.googleapis.com/csm-dataset/website-search/image_05.jpg
"Vigosit Gaming Chair- Gaming Chair with Footrest, Mesh Gaming Chair for Heavy People, Ergonomic Reclining Gamer Computer Chair for Adult, Big and Tall Office PC Chair Gaming with Massage (Dark Grey)",https://storage.googleapis.com/csm-dataset/website-search/6.html,2023-08-26T23:00:17Z,68,chair,default_schema,https://storage.googleapis.com/csm-dataset/website-search/image_06.jpg
Vigosit Gaming Chair: The Ultimate Gaming Chair for Heavy People,https://storage.googleapis.com/csm-dataset/website-search/6.html,2023-08-26T23:00:17Z,69,chair,default_schema,https://storage.googleapis.com/csm-dataset/website-search/image_06.jpg
Vigosit Mesh Gaming Chair: Stay Cool and Comfortable While You Game,https://storage.googleapis.com/csm-dataset/website-search/6.html,2023-08-26T23:00:17Z,70,chair,default_schema,https://storage.googleapis.com/csm-dataset/website-search/image_06.jpg
Vigosit Ergonomic Reclining Gamer Computer Chair: The Perfect Chair for Long Gaming Sessions,https://storage.googleapis.com/csm-dataset/website-search/6.html,2023-08-26T23:00:17Z,71,chair,default_schema,https://storage.googleapis.com/csm-dataset/website-search/image_06.jpg
Vigosit Big and Tall Office PC Chair Gaming: The Perfect Chair for Large Gamers,https://storage.googleapis.com/csm-dataset/website-search/6.html,2023-08-26T23:00:17Z,72,chair,default_schema,https://storage.googleapis.com/csm-dataset/website-search/image_06.jpg
Vigosit Gaming Chair with Footrest: Put Your Feet Up and Relax After a Long Day of Gaming,https://storage.googleapis.com/csm-dataset/website-search/6.html,2023-08-26T23:00:17Z,73,chair,default_schema,https://storage.googleapis.com/csm-dataset/website-search/image_06.jpg
Vigosit Gaming Chair with Massage: Soothe Your Muscles After a Long Day of Gaming,https://storage.googleapis.com/csm-dataset/website-search/6.html,2023-08-26T23:00:17Z,74,chair,default_schema,https://storage.googleapis.com/csm-dataset/website-search/image_06.jpg
Vigosit Dark Grey Gaming Chair: The Perfect Chair for Any Gaming Setup,https://storage.googleapis.com/csm-dataset/website-search/6.html,2023-08-26T23:00:17Z,75,chair,default_schema,https://storage.googleapis.com/csm-dataset/website-search/image_06.jpg
Vigosit Gaming Chair: The Best Chair for Your Money,https://storage.googleapis.com/csm-dataset/website-search/6.html,2023-08-26T23:00:17Z,76,chair,default_schema,https://storage.googleapis.com/csm-dataset/website-search/image_06.jpg
Vigosit Gaming Chair: The Chair of Your Dreams,https://storage.googleapis.com/csm-dataset/website-search/6.html,2023-08-26T23:00:17Z,77,chair,default_schema,https://storage.googleapis.com/csm-dataset/website-search/image_06.jpg
Vigosit Gaming Chair: The Only Chair You'll Ever Need,https://storage.googleapis.com/csm-dataset/website-search/6.html,2023-08-26T23:00:17Z,78,chair,default_schema,https://storage.googleapis.com/csm-dataset/website-search/image_06.jpg
"SteelSeries Arctis Nova 1P Multi-System Gaming Headset — Hi-Fi Drivers — 360° Spatial Audio — Comfort Design — Durable — Lightweight — Noise-Cancelling Mic — PS5/PS4, PC, Xbox, Switch - White",https://storage.googleapis.com/csm-dataset/website-search/7.html,2023-08-26T23:00:17Z,79,headset,default_schema,https://storage.googleapis.com/csm-dataset/website-search/image_07.jpg
SteelSeries Arctis Nova 1P: The Ultimate Multi-System Gaming Headset,https://storage.googleapis.com/csm-dataset/website-search/7.html,2023-08-26T23:00:17Z,80,headset,default_schema,https://storage.googleapis.com/csm-dataset/website-search/image_07.jpg
Experience Hi-Fi Audio with the SteelSeries Arctis Nova 1P,https://storage.googleapis.com/csm-dataset/website-search/7.html,2023-08-26T23:00:17Z,81,headset,default_schema,https://storage.googleapis.com/csm-dataset/website-search/image_07.jpg
Immerse Yourself in 360° Spatial Audio with the SteelSeries Arctis Nova 1P,https://storage.googleapis.com/csm-dataset/website-search/7.html,2023-08-26T23:00:17Z,82,headset,default_schema,https://storage.googleapis.com/csm-dataset/website-search/image_07.jpg
Comfort Meets Durability with the SteelSeries Arctis Nova 1P,https://storage.googleapis.com/csm-dataset/website-search/7.html,2023-08-26T23:00:17Z,83,headset,default_schema,https://storage.googleapis.com/csm-dataset/website-search/image_07.jpg
Stay Light and Focused with the SteelSeries Arctis Nova 1P,https://storage.googleapis.com/csm-dataset/website-search/7.html,2023-08-26T23:00:17Z,84,headset,default_schema,https://storage.googleapis.com/csm-dataset/website-search/image_07.jpg
Communicate Clearly with the Noise-Cancelling Mic of the SteelSeries Arctis Nova 1P,https://storage.googleapis.com/csm-dataset/website-search/7.html,2023-08-26T23:00:17Z,85,headset,default_schema,https://storage.googleapis.com/csm-dataset/website-search/image_07.jpg
Unleash Your Gaming Potential with the SteelSeries Arctis Nova 1P,https://storage.googleapis.com/csm-dataset/website-search/7.html,2023-08-26T23:00:17Z,86,headset,default_schema,https://storage.googleapis.com/csm-dataset/website-search/image_07.jpg
Conquer All Platforms with the SteelSeries Arctis Nova 1P,https://storage.googleapis.com/csm-dataset/website-search/7.html,2023-08-26T23:00:17Z,87,headset,default_schema,https://storage.googleapis.com/csm-dataset/website-search/image_07.jpg
Elevate Your Gaming Style with the White SteelSeries Arctis Nova 1P,https://storage.googleapis.com/csm-dataset/website-search/7.html,2023-08-26T23:00:17Z,88,headset,default_schema,https://storage.googleapis.com/csm-dataset/website-search/image_07.jpg
Experience the Future of Gaming with the SteelSeries Arctis Nova 1P,https://storage.googleapis.com/csm-dataset/website-search/7.html,2023-08-26T23:00:17Z,89,headset,default_schema,https://storage.googleapis.com/csm-dataset/website-search/image_07.jpg
"Alienware AW920H Tri-Mode Wireless Gaming Headset - Dolby Atmos Virtual Surround Sound, Active Noise Cancelling, AI-driven Noise-Cancelling microphone, USB-C Wireless Dongle - Lunar Light, Large",https://storage.googleapis.com/csm-dataset/website-search/8.html,2023-08-26T23:00:17Z,90,headset,default_schema,https://storage.googleapis.com/csm-dataset/website-search/image_08.jpg
"Alienware AW920H Tri-Mode Wireless Gaming Headset: Experience Immersive Audio with Dolby Atmos Virtual Surround Sound, Active Noise Cancellation, and AI-driven Noise-Cancelling Microphone - Lunar Light, Large",https://storage.googleapis.com/csm-dataset/website-search/8.html,2023-08-26T23:00:17Z,91,headset,default_schema,https://storage.googleapis.com/csm-dataset/website-search/image_08.jpg
"Alienware AW920H Tri-Mode Wireless Gaming Headset: Unleash Your Gaming Potential with Dolby Atmos Virtual Surround Sound, Active Noise Cancellation, and AI-driven Noise-Cancelling Microphone - Lunar Light, Large",https://storage.googleapis.com/csm-dataset/website-search/8.html,2023-08-26T23:00:17Z,92,headset,default_schema,https://storage.googleapis.com/csm-dataset/website-search/image_08.jpg
"Alienware AW920H Tri-Mode Wireless Gaming Headset: The Ultimate Gaming Audio Experience with Dolby Atmos Virtual Surround Sound, Active Noise Cancellation, and AI-driven Noise-Cancelling Microphone - Lunar Light, Large",https://storage.googleapis.com/csm-dataset/website-search/8.html,2023-08-26T23:00:17Z,93,headset,default_schema,https://storage.googleapis.com/csm-dataset/website-search/image_08.jpg
"Alienware AW920H Tri-Mode Wireless Gaming Headset: Immerse Yourself in the Game with Dolby Atmos Virtual Surround Sound, Active Noise Cancellation, and AI-driven Noise-Cancelling Microphone - Lunar Light, Large",https://storage.googleapis.com/csm-dataset/website-search/8.html,2023-08-26T23:00:17Z,94,headset,default_schema,https://storage.googleapis.com/csm-dataset/website-search/image_08.jpg
"Alienware AW920H Tri-Mode Wireless Gaming Headset: Elevate Your Gaming Audio with Dolby Atmos Virtual Surround Sound, Active Noise Cancellation, and AI-driven Noise-Cancelling Microphone - Lunar Light, Large",https://storage.googleapis.com/csm-dataset/website-search/8.html,2023-08-26T23:00:17Z,95,headset,default_schema,https://storage.googleapis.com/csm-dataset/website-search/image_08.jpg
"Alienware AW920H Tri-Mode Wireless Gaming Headset: Experience the Next Level of Gaming Audio with Dolby Atmos Virtual Surround Sound, Active Noise Cancellation, and AI-driven Noise-Cancelling Microphone - Lunar Light, Large",https://storage.googleapis.com/csm-dataset/website-search/8.html,2023-08-26T23:00:17Z,96,headset,default_schema,https://storage.googleapis.com/csm-dataset/website-search/image_08.jpg
"Alienware AW920H Tri-Mode Wireless Gaming Headset: Unleash the Power of Dolby Atmos Virtual Surround Sound, Active Noise Cancellation, and AI-driven Noise-Cancelling Microphone - Lunar Light, Large",https://storage.googleapis.com/csm-dataset/website-search/8.html,2023-08-26T23:00:17Z,97,headset,default_schema,https://storage.googleapis.com/csm-dataset/website-search/image_08.jpg
"Alienware AW920H Tri-Mode Wireless Gaming Headset: The Ultimate Gaming Headset with Dolby Atmos Virtual Surround Sound, Active Noise Cancellation, and AI-driven Noise-Cancelling Microphone - Lunar Light, Large",https://storage.googleapis.com/csm-dataset/website-search/8.html,2023-08-26T23:00:17Z,98,headset,default_schema,https://storage.googleapis.com/csm-dataset/website-search/image_08.jpg
"Alienware AW920H Tri-Mode Wireless Gaming Headset: Immerse Yourself in the Game with Dolby Atmos Virtual Surround Sound, Active Noise Cancellation, and AI-driven Noise-Cancelling Microphone - Lunar Light, Large",https://storage.googleapis.com/csm-dataset/website-search/8.html,2023-08-26T23:00:17Z,99,headset,default_schema,https://storage.googleapis.com/csm-dataset/website-search/image_08.jpg
"Alienware AW920H Tri-Mode Wireless Gaming Headset: Elevate Your Gaming Audio with Dolby Atmos Virtual Surround Sound, Active Noise Cancellation, and AI-driven Noise-Cancelling Microphone - Lunar Light, Large",https://storage.googleapis.com/csm-dataset/website-search/8.html,2023-08-26T23:00:17Z,100,headset,default_schema,https://storage.googleapis.com/csm-dataset/website-search/image_08.jpg
"MageGee 75% Mechanical Gaming Keyboard with Blue Switch, LED Blue Backlit Keyboard, 87 Keys Compact TKL Wired Computer Keyboard for Windows Laptop PC Gamer - Blue/White",https://storage.googleapis.com/csm-dataset/website-search/9.html,2023-08-26T23:00:17Z,101,keyboard,default_schema,https://storage.googleapis.com/csm-dataset/website-search/image_09.jpg
"MageGee 75% Mechanical Gaming Keyboard with Blue Switch, LED Blue Backlit Keyboard, 87 Keys Compact TKL Wired Computer Keyboard for Windows Laptop PC Gamer - Blue/White",https://storage.googleapis.com/csm-dataset/website-search/9.html,2023-08-26T23:00:17Z,102,keyboard,default_schema,https://storage.googleapis.com/csm-dataset/website-search/image_09.jpg
"MageGee 75% Mechanical Gaming Keyboard: Blue Switch, LED Blue Backlit, 87 Keys Compact TKL Wired Computer Keyboard for Windows Laptop PC Gamer - Blue/White",https://storage.googleapis.com/csm-dataset/website-search/9.html,2023-08-26T23:00:17Z,103,keyboard,default_schema,https://storage.googleapis.com/csm-dataset/website-search/image_09.jpg
"MageGee Blue Switch Mechanical Gaming Keyboard: 75% Compact TKL Wired Computer Keyboard with LED Blue Backlit, 87 Keys for Windows Laptop PC Gamer - Blue/White",https://storage.googleapis.com/csm-dataset/website-search/9.html,2023-08-26T23:00:17Z,104,keyboard,default_schema,https://storage.googleapis.com/csm-dataset/website-search/image_09.jpg
"MageGee 75% Mechanical Gaming Keyboard with Blue Switch: LED Blue Backlit, 87 Keys Compact TKL Wired Computer Keyboard for Windows Laptop PC Gamer - Blue/White",https://storage.googleapis.com/csm-dataset/website-search/9.html,2023-08-26T23:00:17Z,105,keyboard,default_schema,https://storage.googleapis.com/csm-dataset/website-search/image_09.jpg
"MageGee 75% Mechanical Gaming Keyboard with Blue Switch, LED Blue Backlit: 87 Keys Compact TKL Wired Computer Keyboard for Windows Laptop PC Gamer - Blue/White",https://storage.googleapis.com/csm-dataset/website-search/9.html,2023-08-26T23:00:17Z,106,keyboard,default_schema,https://storage.googleapis.com/csm-dataset/website-search/image_09.jpg
"MageGee 75% Mechanical Gaming Keyboard: Blue Switch, LED Blue Backlit, 87 Keys Compact TKL Wired Computer Keyboard for Windows Laptop PC Gamer",https://storage.googleapis.com/csm-dataset/website-search/9.html,2023-08-26T23:00:17Z,107,keyboard,default_schema,https://storage.googleapis.com/csm-dataset/website-search/image_09.jpg
"MageGee 75% Mechanical Gaming Keyboard with Blue Switch: LED Blue Backlit, 87 Keys Compact TKL Wired Computer Keyboard for Windows Laptop PC Gamer",https://storage.googleapis.com/csm-dataset/website-search/9.html,2023-08-26T23:00:17Z,108,keyboard,default_schema,https://storage.googleapis.com/csm-dataset/website-search/image_09.jpg
"MageGee 75% Mechanical Gaming Keyboard with Blue Switch, LED Blue Backlit: 87 Keys Compact TKL Wired Computer Keyboard for Windows Laptop PC Gamer",https://storage.googleapis.com/csm-dataset/website-search/9.html,2023-08-26T23:00:17Z,109,keyboard,default_schema,https://storage.googleapis.com/csm-dataset/website-search/image_09.jpg
"MageGee 75% Mechanical Gaming Keyboard: Blue Switch, LED Blue Backlit, 87 Keys Compact TKL Wired Computer Keyboard for Windows Laptop PC Gamer - Blue",https://storage.googleapis.com/csm-dataset/website-search/9.html,2023-08-26T23:00:17Z,110,keyboard,default_schema,https://storage.googleapis.com/csm-dataset/website-search/image_09.jpg
"MageGee 75% Mechanical Gaming Keyboard with Blue Switch: LED Blue Backlit, 87 Keys Compact TKL Wired Computer Keyboard for Windows Laptop PC Gamer - Blue",https://storage.googleapis.com/csm-dataset/website-search/9.html,2023-08-26T23:00:17Z,111,keyboard,default_schema,https://storage.googleapis.com/csm-dataset/website-search/image_09.jpg